{"xgb": {"10": {"n_estimators": 805, "learning_rate": 0.014783832822590985, "max_depth": 5}, "20": {"n_estimators": 1641, "learning_rate": 0.031202500553495084, "max_depth": 2}, "30": {"n_estimators": 1670, "learning_rate": 0.05762640103525716, "max_depth": 2}, "40": {"n_estimators": 1179, "learning_rate": 0.08528739181100042, "max_depth": 2}, "50": {"n_estimators": 1085, "learning_rate": 0.0853491865392011, "max_depth": 2}, "60": {"n_estimators": 1207, "learning_rate": 0.07623111098173144, "max_depth": 2}, "66": {"n_estimators": 1612, "learning_rate": 0.052411276161853, "max_depth": 2}}, "ctb": {"10": {"loss_function": "RMSE", "verbose": false, "depth": 6, "learning_rate": 0.01569912612600723, "l2_leaf_reg": 1.431343892807482, "iterations": 1334}, "20": {"loss_function": "RMSE", "verbose": false, "depth": 5, "learning_rate": 0.030732050790802556, "l2_leaf_reg": 1.081162432416669, "iterations": 1544}, "30": {"loss_function": "RMSE", "verbose": false, "depth": 3, "learning_rate": 0.12996574365217045, "l2_leaf_reg": 3.2815185054759164, "iterations": 381}, "40": {"loss_function": "RMSE", "verbose": false, "depth": 4, "learning_rate": 0.04868517198541927, "l2_leaf_reg": 1.0812543839290043, "iterations": 1043}, "50": {"loss_function": "RMSE", "verbose": false, "depth": 4, "learning_rate": 0.03541703154953094, "l2_leaf_reg": 3.09700613903516, "iterations": 1478}, "60": {"loss_function": "RMSE", "verbose": false, "depth": 6, "learning_rate": 0.04343696448757832, "l2_leaf_reg": 1.9467308917504738, "iterations": 1480}, "66": {"loss_function": "RMSE", "verbose": false, "depth": 5, "learning_rate": 0.03961282526255542, "l2_leaf_reg": 1.3835236169472294, "iterations": 1482}}, "lgb": {"10": {"verbose": -1, "num_leaves": 57, "learning_rate": 0.06793528820324267, "min_data_in_leaf": 10, "max_depth": 5}, "20": {"verbose": -1, "num_leaves": 7, "learning_rate": 0.135268954264271, "min_data_in_leaf": 12, "max_depth": 32}, "30": {"verbose": -1, "num_leaves": 4, "learning_rate": 0.1756517530112272, "min_data_in_leaf": 11, "max_depth": 9}, "40": {"verbose": -1, "num_leaves": 8, "learning_rate": 0.14899844673901558, "min_data_in_leaf": 10, "max_depth": 10}, "50": {"verbose": -1, "num_leaves": 74, "learning_rate": 0.1280723118897602, "min_data_in_leaf": 10, "max_depth": 3}, "60": {"verbose": -1, "num_leaves": 10, "learning_rate": 0.10571558186909483, "min_data_in_leaf": 12, "max_depth": 6}, "66": {"verbose": -1, "num_leaves": 9, "learning_rate": 0.2029824152959418, "min_data_in_leaf": 12, "max_depth": 27}}, "svr": {"10": {"C": 7.539199139580234, "gamma": 0.02331346652865702, "epsilon": 0.15046212755465815}, "20": {"C": 8.746288722389739, "gamma": 0.007666255871005968, "epsilon": 0.05550806286479891}, "30": {"C": 28.061541209227578, "gamma": 0.002043653190888418, "epsilon": 0.14089888786586335}, "40": {"C": 25.712054467747123, "gamma": 0.0013020342368032958, "epsilon": 0.09342541951927863}, "50": {"C": 19.608467468991133, "gamma": 0.0012641469184830766, "epsilon": 0.027174663381123235}, "60": {"C": 6.114374990615884, "gamma": 0.001847975583965102, "epsilon": 0.05569995660781154}, "66": {"C": 10.09001342849346, "gamma": 0.0014832422617732455, "epsilon": 0.08185726270415493}}, "mlp": {"10": {"max_iter": 2000, "learning_rate_init": 0.005200446359607825, "alpha": 0.5069960271948837, "hidden_layer_sizes": [161]}, "20": {"max_iter": 2000, "learning_rate_init": 0.0010789768438499415, "alpha": 0.8624112752483943, "hidden_layer_sizes": [81]}, "30": {"max_iter": 2000, "learning_rate_init": 0.00022351880033905514, "alpha": 0.8916927119623731, "hidden_layer_sizes": [238]}, "40": {"max_iter": 2000, "learning_rate_init": 0.0010685044544335271, "alpha": 0.7435568095675756, "hidden_layer_sizes": [152]}, "50": {"max_iter": 2000, "learning_rate_init": 0.00037821112178625755, "alpha": 0.9980689070202582, "hidden_layer_sizes": [229]}, "60": {"max_iter": 2000, "learning_rate_init": 0.0012545334748935463, "alpha": 0.9753004937923403, "hidden_layer_sizes": [216]}, "66": {"max_iter": 2000, "learning_rate_init": 0.04957652686878688, "alpha": 0.8718905206133666, "hidden_layer_sizes": [161]}}, "knn": {"10": {"n_neighbors": 7, "weights": "distance"}, "20": {"n_neighbors": 9, "weights": "distance"}, "30": {"n_neighbors": 10, "weights": "distance"}, "40": {"n_neighbors": 7, "weights": "distance"}, "50": {"n_neighbors": 8, "weights": "distance"}, "60": {"n_neighbors": 7, "weights": "distance"}, "66": {"n_neighbors": 9, "weights": "distance"}}}