{
  "xgb": {
    "10": {
      "n_estimators": 289,
      "learning_rate": 0.028290937070217625,
      "max_depth": 5
    },
    "20": {
      "n_estimators": 277,
      "learning_rate": 0.11963787101883668,
      "max_depth": 2
    },
    "30": {
      "n_estimators": 1997,
      "learning_rate": 0.04499079104570627,
      "max_depth": 2
    },
    "40": {
      "n_estimators": 1013,
      "learning_rate": 0.08530831194948968,
      "max_depth": 2
    },
    "50": {
      "n_estimators": 1262,
      "learning_rate": 0.09690087196285094,
      "max_depth": 2
    },
    "60": {
      "n_estimators": 1641,
      "learning_rate": 0.051801223919367215,
      "max_depth": 2
    },
    "66": {
      "n_estimators": 1590,
      "learning_rate": 0.03513588392653122,
      "max_depth": 2
    }
  },
  "ctb": {
    "10": {
      "loss_function": "RMSE",
      "verbose": false,
      "depth": 6,
      "learning_rate": 0.02240438697245385,
      "l2_leaf_reg": 2.0295081498179846,
      "iterations": 614
    },
    "20": {
      "loss_function": "RMSE",
      "verbose": false,
      "depth": 5,
      "learning_rate": 0.037785451118296905,
      "l2_leaf_reg": 1.6977594005894485,
      "iterations": 1608
    },
    "30": {
      "loss_function": "RMSE",
      "verbose": false,
      "depth": 5,
      "learning_rate": 0.019736167848323834,
      "l2_leaf_reg": 1.734482342581376,
      "iterations": 1416
    },
    "40": {
      "loss_function": "RMSE",
      "verbose": false,
      "depth": 4,
      "learning_rate": 0.025053345713109344,
      "l2_leaf_reg": 2.649941631311793,
      "iterations": 1411
    },
    "50": {
      "loss_function": "RMSE",
      "verbose": false,
      "depth": 4,
      "learning_rate": 0.020942694084246535,
      "l2_leaf_reg": 1.6131510454994262,
      "iterations": 1990
    },
    "60": {
      "loss_function": "RMSE",
      "verbose": false,
      "depth": 4,
      "learning_rate": 0.03648804166739262,
      "l2_leaf_reg": 1.9095169632662208,
      "iterations": 1204
    },
    "66": {
      "loss_function": "RMSE",
      "verbose": false,
      "depth": 5,
      "learning_rate": 0.022703131596217757,
      "l2_leaf_reg": 1.0636684933948657,
      "iterations": 1680
    }
  },
  "lgb": {
    "10": {
      "verbose": -1,
      "num_leaves": 71,
      "learning_rate": 0.06985581900326727,
      "min_data_in_leaf": 10,
      "max_depth": 5
    },
    "20": {
      "verbose": -1,
      "num_leaves": 7,
      "learning_rate": 0.12965290535332308,
      "min_data_in_leaf": 12,
      "max_depth": 8
    },
    "30": {
      "verbose": -1,
      "num_leaves": 4,
      "learning_rate": 0.15972658885173527,
      "min_data_in_leaf": 10,
      "max_depth": 7
    },
    "40": {
      "verbose": -1,
      "num_leaves": 17,
      "learning_rate": 0.1679945380290924,
      "min_data_in_leaf": 12,
      "max_depth": 3
    },
    "50": {
      "verbose": -1,
      "num_leaves": 8,
      "learning_rate": 0.1481256832694176,
      "min_data_in_leaf": 12,
      "max_depth": 26
    },
    "60": {
      "verbose": -1,
      "num_leaves": 104,
      "learning_rate": 0.16855203322837733,
      "min_data_in_leaf": 22,
      "max_depth": 3
    },
    "66": {
      "verbose": -1,
      "num_leaves": 51,
      "learning_rate": 0.17130605316302774,
      "min_data_in_leaf": 21,
      "max_depth": 3
    }
  },
  "svr": {
    "10": {
      "C": 10.198287803977596,
      "gamma": 0.02226575168879566,
      "epsilon": 0.08691472375257217
    },
    "20": {
      "C": 6.563903582063608,
      "gamma": 0.01029650911271151,
      "epsilon": 0.05575538813756242
    },
    "30": {
      "C": 16.345493353462373,
      "gamma": 0.0026997769180117787,
      "epsilon": 0.11737954125719247
    },
    "40": {
      "C": 35.96095969720813,
      "gamma": 0.0010233951435129876,
      "epsilon": 0.06683786583436137
    },
    "50": {
      "C": 11.173514786359636,
      "gamma": 0.0018513378904268971,
      "epsilon": 0.028576824656833515
    },
    "60": {
      "C": 7.863865106079807,
      "gamma": 0.0014365005968202391,
      "epsilon": 0.058528156717327084
    },
    "66": {
      "C": 11.504096549558863,
      "gamma": 0.001217941050519366,
      "epsilon": 0.10569364406150486
    }
  },
  "mlp": {
    "10": {
      "max_iter": 2000,
      "learning_rate_init": 0.0010479090795177683,
      "alpha": 0.3255689699674724,
      "hidden_layer_sizes": [218]
    },
    "20": {
      "max_iter": 2000,
      "learning_rate_init": 0.0002842887729370662,
      "alpha": 0.8384822880902326,
      "hidden_layer_sizes": [227]
    },
    "30": {
      "max_iter": 2000,
      "learning_rate_init": 0.00030858670969002324,
      "alpha": 0.890769831415188,
      "hidden_layer_sizes": [150]
    },
    "40": {
      "max_iter": 2000,
      "learning_rate_init": 0.00015170042162798603,
      "alpha": 0.9938031778771624,
      "hidden_layer_sizes": [243]
    },
    "50": {
      "max_iter": 2000,
      "learning_rate_init": 0.00041093761641689225,
      "alpha": 0.9987366041852119,
      "hidden_layer_sizes": [230]
    },
    "60": {
      "max_iter": 2000,
      "learning_rate_init": 0.00010894033174588793,
      "alpha": 0.9478547556278475,
      "hidden_layer_sizes": [242]
    },
    "66": {
      "max_iter": 2000,
      "learning_rate_init": 0.0007216566840429279,
      "alpha": 0.8539577822839775,
      "hidden_layer_sizes": [200]
    }
  },
  "knn": {
    "10": { "n_neighbors": 7, "weights": "distance" },
    "20": { "n_neighbors": 9, "weights": "distance" },
    "30": { "n_neighbors": 9, "weights": "distance" },
    "40": { "n_neighbors": 5, "weights": "distance" },
    "50": { "n_neighbors": 7, "weights": "distance" },
    "60": { "n_neighbors": 7, "weights": "distance" },
    "66": { "n_neighbors": 9, "weights": "distance" }
  }
}
