{"xgb": {"20": {"n_estimators": 398, "learning_rate": 0.0580501815507049, "max_depth": 3}, "50": {"n_estimators": 1996, "learning_rate": 0.006238985709516029, "max_depth": 3}, "92": {"n_estimators": 473, "learning_rate": 0.036614434515304786, "max_depth": 3}}, "ctb": {"20": {"loss_function": "RMSE", "verbose": false, "depth": 8, "learning_rate": 0.027888866771962516, "l2_leaf_reg": 1.0008893130691252, "iterations": 584}, "50": {"loss_function": "RMSE", "verbose": false, "depth": 6, "learning_rate": 0.01669810070595525, "l2_leaf_reg": 1.4645700129018688, "iterations": 1998}, "92": {"loss_function": "RMSE", "verbose": false, "depth": 7, "learning_rate": 0.047234872072324546, "l2_leaf_reg": 3.7492063359987626, "iterations": 1067}}, "lgb": {"20": {"verbose": -1, "num_leaves": 4, "learning_rate": 0.1415349274435289, "min_data_in_leaf": 27, "max_depth": 5}, "50": {"verbose": -1, "num_leaves": 212, "learning_rate": 0.1520971431641749, "min_data_in_leaf": 43, "max_depth": 2}, "92": {"verbose": -1, "num_leaves": 20, "learning_rate": 0.19336926088128253, "min_data_in_leaf": 56, "max_depth": 3}}, "svr": {"20": {"C": 4.818176580239876, "gamma": 0.009825423019178742, "epsilon": 0.20674694580150396}, "50": {"C": 2.230836654303298, "gamma": 0.005044317629472604, "epsilon": 0.007170262424886401}, "92": {"C": 4.296047148077506, "gamma": 0.0012160286636707504, "epsilon": 0.0022741113044526203}}, "mlp": {"20": {"max_iter": 2000, "learning_rate_init": 0.00027485792825364896, "alpha": 0.9396959737832679, "hidden_layer_sizes": [218]}, "50": {"max_iter": 2000, "learning_rate_init": 0.0008374734576112069, "alpha": 0.9341175471432525, "hidden_layer_sizes": [32]}, "92": {"max_iter": 2000, "learning_rate_init": 0.043797855934527966, "alpha": 0.6100312793273677, "hidden_layer_sizes": [173]}}, "knn": {"20": {"n_neighbors": 12, "weights": "distance"}, "50": {"n_neighbors": 10, "weights": "distance"}, "92": {"n_neighbors": 6, "weights": "distance"}}}