{"xgb": {"10": {"n_estimators": 944, "learning_rate": 0.018726555007116973, "max_depth": 2}, "20": {"n_estimators": 1040, "learning_rate": 0.02639670132079428, "max_depth": 2}, "30": {"n_estimators": 612, "learning_rate": 0.020766405705706877, "max_depth": 2}, "40": {"n_estimators": 747, "learning_rate": 0.03556962537645393, "max_depth": 2}, "50": {"n_estimators": 452, "learning_rate": 0.0525053301060766, "max_depth": 2}, "60": {"n_estimators": 632, "learning_rate": 0.041068553805548226, "max_depth": 2}, "66": {"n_estimators": 860, "learning_rate": 0.0299214996639745, "max_depth": 2}}, "ctb": {"10": {"loss_function": "RMSE", "verbose": false, "depth": 5, "learning_rate": 0.028682219805228122, "l2_leaf_reg": 1.654478851580572, "iterations": 504}, "20": {"loss_function": "RMSE", "verbose": false, "depth": 6, "learning_rate": 0.053970652846041405, "l2_leaf_reg": 2.343754908888388, "iterations": 898}, "30": {"loss_function": "RMSE", "verbose": false, "depth": 5, "learning_rate": 0.01782310668231938, "l2_leaf_reg": 1.2780513934238706, "iterations": 1111}, "40": {"loss_function": "RMSE", "verbose": false, "depth": 5, "learning_rate": 0.010845464403023496, "l2_leaf_reg": 1.7396448779011247, "iterations": 1995}, "50": {"loss_function": "RMSE", "verbose": false, "depth": 5, "learning_rate": 0.03190575357350053, "l2_leaf_reg": 1.3267708058067609, "iterations": 1399}, "60": {"loss_function": "RMSE", "verbose": false, "depth": 5, "learning_rate": 0.014491212134592625, "l2_leaf_reg": 1.4498241483199426, "iterations": 1871}, "66": {"loss_function": "RMSE", "verbose": false, "depth": 5, "learning_rate": 0.06483988516222465, "l2_leaf_reg": 1.2605326652762427, "iterations": 696}}, "lgb": {"10": {"verbose": -1, "num_leaves": 3, "learning_rate": 0.16997751483233142, "min_data_in_leaf": 12, "max_depth": 8}, "20": {"verbose": -1, "num_leaves": 6, "learning_rate": 0.10662802224677226, "min_data_in_leaf": 17, "max_depth": 10}, "30": {"verbose": -1, "num_leaves": 4, "learning_rate": 0.10124266427230492, "min_data_in_leaf": 23, "max_depth": 20}, "40": {"verbose": -1, "num_leaves": 3, "learning_rate": 0.20040211010387093, "min_data_in_leaf": 22, "max_depth": 10}, "50": {"verbose": -1, "num_leaves": 4, "learning_rate": 0.14478113697559808, "min_data_in_leaf": 20, "max_depth": 28}, "60": {"verbose": -1, "num_leaves": 4, "learning_rate": 0.1422442893072393, "min_data_in_leaf": 21, "max_depth": 6}, "66": {"verbose": -1, "num_leaves": 224, "learning_rate": 0.16575388325638596, "min_data_in_leaf": 18, "max_depth": 2}}, "svr": {"10": {"C": 6.204717459740733, "gamma": 0.02067696809001403, "epsilon": 0.0023307542424877165}, "20": {"C": 18.066153550276336, "gamma": 0.0028553412532824484, "epsilon": 0.2489248589084043}, "30": {"C": 59.956118316889494, "gamma": 0.0014701315474824335, "epsilon": 0.22409519886170665}, "40": {"C": 10.920216803948383, "gamma": 0.002693775283014429, "epsilon": 0.144280897137216}, "50": {"C": 8.974650523100207, "gamma": 0.0013948217661487992, "epsilon": 0.112709433489425}, "60": {"C": 7.702024866835988, "gamma": 0.0015414416649348313, "epsilon": 0.06824061618003653}, "66": {"C": 13.707899835810318, "gamma": 0.0010323906322973826, "epsilon": 0.05825336140300437}}, "mlp": {"10": {"max_iter": 2000, "learning_rate_init": 0.0008873448101263455, "alpha": 0.7512409041542695, "hidden_layer_sizes": [198]}, "20": {"max_iter": 2000, "learning_rate_init": 0.00020669289664271184, "alpha": 0.4203849779861455, "hidden_layer_sizes": [208]}, "30": {"max_iter": 2000, "learning_rate_init": 0.002527924078508805, "alpha": 0.9629426326364346, "hidden_layer_sizes": [163]}, "40": {"max_iter": 2000, "learning_rate_init": 0.0004717666861412347, "alpha": 0.9928910891896585, "hidden_layer_sizes": [211]}, "50": {"max_iter": 2000, "learning_rate_init": 0.0005572332836088241, "alpha": 0.8360245308493417, "hidden_layer_sizes": [224]}, "60": {"max_iter": 2000, "learning_rate_init": 0.046236104722714014, "alpha": 0.8674227553653713, "hidden_layer_sizes": [88]}, "66": {"max_iter": 2000, "learning_rate_init": 0.0003923697600322606, "alpha": 0.7958374125857494, "hidden_layer_sizes": [217]}}, "knn": {"10": {"n_neighbors": 8, "weights": "distance"}, "20": {"n_neighbors": 12, "weights": "distance"}, "30": {"n_neighbors": 2, "weights": "distance"}, "40": {"n_neighbors": 13, "weights": "distance"}, "50": {"n_neighbors": 10, "weights": "distance"}, "60": {"n_neighbors": 9, "weights": "distance"}, "66": {"n_neighbors": 5, "weights": "distance"}}}