{
  "xgb": {
    "10": {
      "n_estimators": 1193,
      "learning_rate": 0.08527858943780081,
      "max_depth": 2
    },
    "20": {
      "n_estimators": 1193,
      "learning_rate": 0.08527858943780081,
      "max_depth": 2
    },
    "30": {
      "n_estimators": 1193,
      "learning_rate": 0.08527858943780081,
      "max_depth": 2
    },
    "40": {
      "n_estimators": 1193,
      "learning_rate": 0.08527858943780081,
      "max_depth": 2
    },
    "50": {
      "n_estimators": 1193,
      "learning_rate": 0.08527858943780081,
      "max_depth": 2
    },
    "60": {
      "n_estimators": 1193,
      "learning_rate": 0.08527858943780081,
      "max_depth": 2
    },
    "66": {
      "n_estimators": 1193,
      "learning_rate": 0.08527858943780081,
      "max_depth": 2
    }
  },
  "ctb": {
    "10": {
      "loss_function": "RMSE",
      "verbose": false,
      "depth": 5,
      "learning_rate": 0.020265506697856095,
      "l2_leaf_reg": 1.1381285939715236,
      "iterations": 1504
    },
    "20": {
      "loss_function": "RMSE",
      "verbose": false,
      "depth": 5,
      "learning_rate": 0.020265506697856095,
      "l2_leaf_reg": 1.1381285939715236,
      "iterations": 1504
    },
    "30": {
      "loss_function": "RMSE",
      "verbose": false,
      "depth": 5,
      "learning_rate": 0.020265506697856095,
      "l2_leaf_reg": 1.1381285939715236,
      "iterations": 1504
    },
    "40": {
      "loss_function": "RMSE",
      "verbose": false,
      "depth": 5,
      "learning_rate": 0.020265506697856095,
      "l2_leaf_reg": 1.1381285939715236,
      "iterations": 1504
    },
    "50": {
      "loss_function": "RMSE",
      "verbose": false,
      "depth": 5,
      "learning_rate": 0.020265506697856095,
      "l2_leaf_reg": 1.1381285939715236,
      "iterations": 1504
    },
    "60": {
      "loss_function": "RMSE",
      "verbose": false,
      "depth": 5,
      "learning_rate": 0.020265506697856095,
      "l2_leaf_reg": 1.1381285939715236,
      "iterations": 1504
    },
    "66": {
      "loss_function": "RMSE",
      "verbose": false,
      "depth": 5,
      "learning_rate": 0.020265506697856095,
      "l2_leaf_reg": 1.1381285939715236,
      "iterations": 1504
    }
  },
  "lgb": {
    "10": {
      "verbose": -1,
      "num_leaves": 11,
      "learning_rate": 0.08544784797477259,
      "min_data_in_leaf": 18,
      "max_depth": 25
    },
    "20": {
      "verbose": -1,
      "num_leaves": 11,
      "learning_rate": 0.08544784797477259,
      "min_data_in_leaf": 18,
      "max_depth": 25
    },
    "30": {
      "verbose": -1,
      "num_leaves": 11,
      "learning_rate": 0.08544784797477259,
      "min_data_in_leaf": 18,
      "max_depth": 25
    },
    "40": {
      "verbose": -1,
      "num_leaves": 11,
      "learning_rate": 0.08544784797477259,
      "min_data_in_leaf": 18,
      "max_depth": 25
    },
    "50": {
      "verbose": -1,
      "num_leaves": 11,
      "learning_rate": 0.08544784797477259,
      "min_data_in_leaf": 18,
      "max_depth": 25
    },
    "60": {
      "verbose": -1,
      "num_leaves": 11,
      "learning_rate": 0.08544784797477259,
      "min_data_in_leaf": 18,
      "max_depth": 25
    },
    "66": {
      "verbose": -1,
      "num_leaves": 11,
      "learning_rate": 0.08544784797477259,
      "min_data_in_leaf": 18,
      "max_depth": 25
    }
  },
  "svr": {
    "10": {
      "C": 12.44131580921595,
      "gamma": 0.0010014114195605309,
      "epsilon": 0.011699767280777873
    },
    "20": {
      "C": 12.44131580921595,
      "gamma": 0.0010014114195605309,
      "epsilon": 0.011699767280777873
    },
    "30": {
      "C": 12.44131580921595,
      "gamma": 0.0010014114195605309,
      "epsilon": 0.011699767280777873
    },
    "40": {
      "C": 12.44131580921595,
      "gamma": 0.0010014114195605309,
      "epsilon": 0.011699767280777873
    },
    "50": {
      "C": 12.44131580921595,
      "gamma": 0.0010014114195605309,
      "epsilon": 0.011699767280777873
    },
    "60": {
      "C": 12.44131580921595,
      "gamma": 0.0010014114195605309,
      "epsilon": 0.011699767280777873
    },
    "66": {
      "C": 12.44131580921595,
      "gamma": 0.0010014114195605309,
      "epsilon": 0.011699767280777873
    }
  },
  "mlp": {
    "10": {
      "max_iter": 2000,
      "learning_rate_init": 0.003758144884531293,
      "alpha": 0.9918833774502087,
      "hidden_layer_sizes": [
        183
      ]
    },
    "20": {
      "max_iter": 2000,
      "learning_rate_init": 0.003758144884531293,
      "alpha": 0.9918833774502087,
      "hidden_layer_sizes": [
        183
      ]
    },
    "30": {
      "max_iter": 2000,
      "learning_rate_init": 0.003758144884531293,
      "alpha": 0.9918833774502087,
      "hidden_layer_sizes": [
        183
      ]
    },
    "40": {
      "max_iter": 2000,
      "learning_rate_init": 0.003758144884531293,
      "alpha": 0.9918833774502087,
      "hidden_layer_sizes": [
        183
      ]
    },
    "50": {
      "max_iter": 2000,
      "learning_rate_init": 0.003758144884531293,
      "alpha": 0.9918833774502087,
      "hidden_layer_sizes": [
        183
      ]
    },
    "60": {
      "max_iter": 2000,
      "learning_rate_init": 0.003758144884531293,
      "alpha": 0.9918833774502087,
      "hidden_layer_sizes": [
        183
      ]
    },
    "66": {
      "max_iter": 2000,
      "learning_rate_init": 0.003758144884531293,
      "alpha": 0.9918833774502087,
      "hidden_layer_sizes": [
        183
      ]
    }
  },
  "knn": {
    "10": {
      "n_neighbors": 9,
      "weights": "distance"
    },
    "20": {
      "n_neighbors": 9,
      "weights": "distance"
    },
    "30": {
      "n_neighbors": 9,
      "weights": "distance"
    },
    "40": {
      "n_neighbors": 9,
      "weights": "distance"
    },
    "50": {
      "n_neighbors": 9,
      "weights": "distance"
    },
    "60": {
      "n_neighbors": 9,
      "weights": "distance"
    },
    "66": {
      "n_neighbors": 9,
      "weights": "distance"
    }
  }
}