{
  "xgb": {
    "10": 0.39488400363137244,
    "20": 0.3750398698978556,
    "30": 0.3631354275577281,
    "40": 0.35708784233101737,
    "50": 0.3595601895661146,
    "60": 0.35609399707983536,
    "66": 0.35908196369651857
  },
  "ctb": {
    "10": 0.37767392261506977,
    "20": 0.343755334496295,
    "30": 0.3429389436994885,
    "40": 0.33716377532430125,
    "50": 0.3368208737767671,
    "60": 0.33940643700895745,
    "66": 0.32741002498603716
  },
  "lgb": {
    "10": 0.3896558988573773,
    "20": 0.3774777781525442,
    "30": 0.38055623065545874,
    "40": 0.3703897697877568,
    "50": 0.37746600783938594,
    "60": 0.37111764795989777,
    "66": 0.37007517597364653
  },
  "svr": {
    "10": 0.3651496521278067,
    "20": 0.3369928223754785,
    "30": 0.33065557828757874,
    "40": 0.32432016988219375,
    "50": 0.32379931052743743,
    "60": 0.3161815484768062,
    "66": 0.31988687171095415
  },
  "mlp": {
    "10": 0.3731546013073064,
    "20": 0.3388723096125803,
    "30": 0.3408355610506321,
    "40": 0.3333100552166948,
    "50": 0.33586013013052135,
    "60": 0.33230104197407334,
    "66": 0.33802257219525095
  },
  "knn": {
    "10": 0.40349410907441763,
    "20": 0.3844981401565409,
    "30": 0.40060760012176144,
    "40": 0.4173289728973531,
    "50": 0.4272278009663089,
    "60": 0.42286391138455964,
    "66": 0.421914949785009
  }
}