{
  "mean": {
    "MSSubClass": 54.687203791469194,
    "MSZoning": 171595.84549763033,
    "LotArea": 9223.134597156399,
    "LotShape": 0.3791469194312796,
    "LotConfig": 171595.84549763033,
    "Neighborhood": 171595.84549763033,
    "Condition1": 171595.84549763033,
    "BldgType": 171595.84549763033,
    "HouseStyle": 171595.84549763036,
    "OverallQual": 6.03696682464455,
    "OverallCond": 5.50521327014218,
    "YearBuilt": 1974.667298578199,
    "YearRemodAdd": 1985.4417061611375,
    "RoofStyle": 171595.8454976304,
    "Exterior1st": 171595.84549763033,
    "Exterior2nd": 171595.84549763033,
    "MasVnrType": 171595.84549763033,
    "MasVnrArea": 82.83317535545024,
    "ExterQual": 3.3971563981042654,
    "ExterCond": 3.071090047393365,
    "Foundation": 171595.84549763033,
    "BsmtQual": 3.481516587677725,
    "BsmtCond": 2.9213270142180097,
    "BsmtExposure": 1.5440758293838863,
    "BsmtFinType1": 3.4777251184834124,
    "BsmtFinSF1": 404.7004739336493,
    "BsmtFinType2": 1.1251184834123222,
    "BsmtFinSF2": 18.697630331753555,
    "BsmtUnfSF": 582.1137440758293,
    "TotalBsmtSF": 1005.5118483412323,
    "HeatingQC": 4.190521327014218,
    "CentralAir": 0.943127962085308,
    "Electrical": 3.804739336492891,
    "1stFlrSF": 1107.6464454976303,
    "2ndFlrSF": 321.4436018957346,
    "LowQualFinSF": 0.2777251184834123,
    "GrLivArea": 1429.3677725118484,
    "BsmtFullBath": 0.3971563981042654,
    "BsmtHalfBath": 0.0,
    "FullBath": 1.5630331753554503,
    "HalfBath": 0.3639810426540284,
    "BedroomAbvGr": 2.804739336492891,
    "KitchenAbvGr": 1.028436018957346,
    "KitchenQual": 3.50521327014218,
    "TotRmsAbvGrd": 6.2957345971563985,
    "Functional": 6.881516587677726,
    "Fireplaces": 0.5374407582938389,
    "FireplaceQu": 1.6691943127962086,
    "GarageType": 171595.84549763033,
    "GarageYrBlt": 1978.7763033175356,
    "GarageFinish": 1.7308056872037916,
    "GarageCars": 1.75260663507109,
    "GarageArea": 463.94218009478675,
    "GarageQual": 2.8312796208530804,
    "GarageCond": 2.8312796208530804,
    "PavedDrive": 1.8739336492890994,
    "WoodDeckSF": 85.9127962085308,
    "OpenPorchSF": 41.39620853080569,
    "EnclosedPorch": 14.89478672985782,
    "3SsnPorch": 0.021800947867298578,
    "ScreenPorch": 5.762085308056872,
    "MiscVal": 14.695734597156399,
    "MoSold": 6.265402843601896,
    "YrSold": 2007.8218009478674,
    "SaleType": 171595.84549763033,
    "SaleCondition": 171595.84549763033,
    "SalePrice": 11.986080603614322
  },
  "std": {
    "MSSubClass": 40.08230120960236,
    "MSZoning": 26288.893386990683,
    "LotArea": 3773.7298519037035,
    "LotShape": 0.5598363411467538,
    "LotConfig": 6869.820415316874,
    "Neighborhood": 48650.115145568394,
    "Condition1": 13830.598427708777,
    "BldgType": 11760.522967936766,
    "HouseStyle": 21945.090784416516,
    "OverallQual": 1.325404343387861,
    "OverallCond": 0.9787695713637257,
    "YearBuilt": 28.894104600178572,
    "YearRemodAdd": 20.90509332381761,
    "RoofStyle": 9988.180941513947,
    "Exterior1st": 29785.514940365847,
    "Exterior2nd": 29349.40386740548,
    "MasVnrType": 29361.94960618346,
    "MasVnrArea": 131.92328803821778,
    "ExterQual": 0.5340329083897181,
    "ExterCond": 0.3044082299177349,
    "Foundation": 37027.38370064236,
    "BsmtQual": 0.8902750856561963,
    "BsmtCond": 0.5782835806086906,
    "BsmtExposure": 1.0027005631253467,
    "BsmtFinType1": 2.1612480011490884,
    "BsmtFinSF1": 402.99671032055204,
    "BsmtFinType2": 0.6602601121827921,
    "BsmtFinSF2": 75.98824277426175,
    "BsmtUnfSF": 430.74224182289987,
    "TotalBsmtSF": 378.53697640592844,
    "HeatingQC": 0.9507338687827467,
    "CentralAir": 0.23170778750494123,
    "Electrical": 0.6561461742699161,
    "1stFlrSF": 333.15762480259815,
    "2ndFlrSF": 408.2546741091712,
    "LowQualFinSF": 4.5611621056031835,
    "GrLivArea": 429.7148930197605,
    "BsmtFullBath": 0.48954095873505227,
    "BsmtHalfBath": 0.0,
    "FullBath": 0.5168492102238116,
    "HalfBath": 0.4813714590767847,
    "BedroomAbvGr": 0.7116383423356921,
    "KitchenAbvGr": 0.17190449952131348,
    "KitchenQual": 0.6310448302714721,
    "TotRmsAbvGrd": 1.4221515376035574,
    "Functional": 0.5407402101004368,
    "Fireplaces": 0.5943049534153939,
    "FireplaceQu": 1.7906431946208625,
    "GarageType": 35645.635525354264,
    "GarageYrBlt": 25.703114637551206,
    "GarageFinish": 0.8785601550706029,
    "GarageCars": 0.7134053432845185,
    "GarageArea": 197.9147782810466,
    "GarageQual": 0.6776226528744893,
    "GarageCond": 0.6776226528744893,
    "PavedDrive": 0.46533860206170125,
    "WoodDeckSF": 106.79922276033544,
    "OpenPorchSF": 53.404851502267505,
    "EnclosedPorch": 43.55418576937491,
    "3SsnPorch": 0.7081114325781411,
    "ScreenPorch": 28.295293045851114,
    "MiscVal": 100.64956645941598,
    "MoSold": 2.669969192232035,
    "YrSold": 1.34633474547312,
    "SaleType": 22346.986760449952,
    "SaleCondition": 23183.3565797964,
    "SalePrice": 0.3690414785629608
  }
}