{
  "mean": {
    "MSSubClass": 56.961832061068705,
    "MSZoning": 175145.10229007635,
    "LotArea": 9563.532061068703,
    "LotShape": 0.383206106870229,
    "LotConfig": 175145.10229007632,
    "Neighborhood": 175145.10229007635,
    "Condition1": 175145.1022900763,
    "BldgType": 175145.10229007635,
    "HouseStyle": 175145.10229007638,
    "OverallQual": 6.051145038167939,
    "OverallCond": 5.571755725190839,
    "YearBuilt": 1971.9870229007633,
    "YearRemodAdd": 1984.854961832061,
    "RoofStyle": 175145.10229007635,
    "Exterior1st": 175145.10229007635,
    "Exterior2nd": 175145.10229007635,
    "MasVnrType": 175145.10229007635,
    "MasVnrArea": 93.72900763358778,
    "ExterQual": 3.380916030534351,
    "ExterCond": 3.0809160305343513,
    "Foundation": 175145.10229007635,
    "BsmtQual": 3.4740458015267177,
    "BsmtCond": 2.932824427480916,
    "BsmtExposure": 1.5862595419847327,
    "BsmtFinType1": 3.5259541984732823,
    "BsmtFinSF1": 430.7297709923664,
    "BsmtFinType2": 1.1885496183206108,
    "BsmtFinSF2": 30.60381679389313,
    "BsmtUnfSF": 566.4022900763359,
    "TotalBsmtSF": 1027.7358778625953,
    "HeatingQC": 4.138167938931297,
    "CentralAir": 0.9358778625954198,
    "Electrical": 3.8053435114503817,
    "1stFlrSF": 1134.645038167939,
    "2ndFlrSF": 332.77862595419845,
    "LowQualFinSF": 0.43435114503816796,
    "GrLivArea": 1467.8580152671755,
    "BsmtFullBath": 0.4114503816793893,
    "BsmtHalfBath": 0.05419847328244275,
    "FullBath": 1.5519083969465648,
    "HalfBath": 0.3717557251908397,
    "BedroomAbvGr": 2.8458015267175574,
    "KitchenAbvGr": 1.050381679389313,
    "KitchenQual": 3.4946564885496185,
    "TotRmsAbvGrd": 6.420610687022901,
    "Functional": 6.862595419847328,
    "Fireplaces": 0.5786259541984733,
    "FireplaceQu": 1.749618320610687,
    "GarageType": 175145.10229007632,
    "GarageYrBlt": 1976.9671755725192,
    "GarageFinish": 1.7038167938931297,
    "GarageCars": 1.7557251908396947,
    "GarageArea": 467.53206106870226,
    "GarageQual": 2.818320610687023,
    "GarageCond": 2.818320610687023,
    "PavedDrive": 1.8572519083969465,
    "WoodDeckSF": 91.20381679389313,
    "OpenPorchSF": 43.621374045801524,
    "EnclosedPorch": 20.2412213740458,
    "3SsnPorch": 0.09083969465648854,
    "ScreenPorch": 10.194656488549619,
    "MiscVal": 19.804580152671754,
    "MoSold": 6.3396946564885495,
    "YrSold": 2007.8183206106871,
    "SaleType": 175145.10229007632,
    "SaleCondition": 175145.10229007635,
    "SalePrice": 175145.10229007635
  },
  "std": {
    "MSSubClass": 42.45483009773137,
    "MSZoning": 25615.524019014756,
    "LotArea": 4204.103185788364,
    "LotShape": 0.5648411110991611,
    "LotConfig": 8409.664216105637,
    "Neighborhood": 52981.25647991496,
    "Condition1": 15258.511747540248,
    "BldgType": 13520.427816592208,
    "HouseStyle": 21347.528319546327,
    "OverallQual": 1.342031709034495,
    "OverallCond": 1.1058407894751252,
    "YearBuilt": 29.838075605440636,
    "YearRemodAdd": 20.757842825510448,
    "RoofStyle": 13545.769539337198,
    "Exterior1st": 30163.084254802896,
    "Exterior2nd": 29933.1877302059,
    "MasVnrType": 31426.830015842093,
    "MasVnrArea": 152.31944639213157,
    "ExterQual": 0.5478779820741839,
    "ExterCond": 0.3423538936727303,
    "Foundation": 38890.68984100085,
    "BsmtQual": 0.8769249511448186,
    "BsmtCond": 0.5583511067917339,
    "BsmtExposure": 1.031124743489065,
    "BsmtFinType1": 2.123501144383982,
    "BsmtFinSF1": 422.1145127008123,
    "BsmtFinType2": 0.7790359776350616,
    "BsmtFinSF2": 110.08645599213186,
    "BsmtUnfSF": 435.66256364379046,
    "TotalBsmtSF": 392.52549572323767,
    "HeatingQC": 0.9614381587598378,
    "CentralAir": 0.24506393742977176,
    "Electrical": 0.6548652001901242,
    "1stFlrSF": 350.76252192317213,
    "2ndFlrSF": 417.9327803162763,
    "LowQualFinSF": 6.798297443270332,
    "GrLivArea": 461.9194132941684,
    "BsmtFullBath": 0.5075655615713185,
    "BsmtHalfBath": 0.22649538450742818,
    "FullBath": 0.5330700315378686,
    "HalfBath": 0.49747641366023715,
    "BedroomAbvGr": 0.7918858501653446,
    "KitchenAbvGr": 0.22568935084881322,
    "KitchenQual": 0.6490650238689244,
    "TotRmsAbvGrd": 1.5267523993131769,
    "Functional": 0.6038248191338919,
    "Fireplaces": 0.6238214414155026,
    "FireplaceQu": 1.8031198684121705,
    "GarageType": 37340.352103661346,
    "GarageYrBlt": 26.090891089084593,
    "GarageFinish": 0.8814707984663579,
    "GarageCars": 0.733271321174757,
    "GarageArea": 205.88658301977642,
    "GarageQual": 0.7007364375314526,
    "GarageCond": 0.7007364375314526,
    "PavedDrive": 0.4931200512325578,
    "WoodDeckSF": 117.3463808332607,
    "OpenPorchSF": 58.22672554117483,
    "EnclosedPorch": 55.573266143801916,
    "3SsnPorch": 2.726968290109075,
    "ScreenPorch": 40.2822486822226,
    "MiscVal": 137.19999836442668,
    "MoSold": 2.7021531575169524,
    "YrSold": 1.3240330964314182,
    "SaleType": 25829.109481702017,
    "SaleCondition": 25810.502673154748,
    "SalePrice": 69559.38863066936
  }
}